filename,width,height,class,xmin,ymin,xmax,ymax
2019_08_02_04_08_39_test7_jpg.rf.e47d70b3fc47f44db869802121edd84e.jpg,2048,351,Weedbgone,934,80,1129,351
2019_08_02_04_08_39_test7_jpg.rf.e47d70b3fc47f44db869802121edd84e.jpg,2048,351,Weedbgone,1085,71,1311,351
2019_08_02_04_08_39_test7_jpg.rf.e47d70b3fc47f44db869802121edd84e.jpg,2048,351,Weedbgone,783,92,950,351
2019_08_02_04_08_39_test7_jpg.rf.e47d70b3fc47f44db869802121edd84e.jpg,2048,351,roundup,335,101,507,351
2019_08_02_04_08_39_test7_jpg.rf.e47d70b3fc47f44db869802121edd84e.jpg,2048,351,roundup,182,99,342,351
2019_08_02_04_08_39_test7_jpg.rf.e47d70b3fc47f44db869802121edd84e.jpg,2048,351,roundup,498,105,684,351
2019_08_02_04_08_39_test7_jpg.rf.e47d70b3fc47f44db869802121edd84e.jpg,2048,351,spectracide,1370,41,1578,326
2019_08_02_04_08_39_test7_jpg.rf.e47d70b3fc47f44db869802121edd84e.jpg,2048,351,spectracide,1560,44,1747,322
2019_08_02_04_08_39_test7_jpg.rf.e47d70b3fc47f44db869802121edd84e.jpg,2048,351,spectracide,1735,44,1938,321
test10_jpg.rf.0aba306850246bec521e90ed18f69396.jpg,2048,1536,clorox_blue,731,229,854,484
test10_jpg.rf.0aba306850246bec521e90ed18f69396.jpg,2048,1536,clorox_blue,851,226,964,485
test10_jpg.rf.0aba306850246bec521e90ed18f69396.jpg,2048,1536,clorox_purple,960,229,1076,481
test10_jpg.rf.0aba306850246bec521e90ed18f69396.jpg,2048,1536,clorox_purple,1066,229,1159,481
test10_jpg.rf.0aba306850246bec521e90ed18f69396.jpg,2048,1536,clorox_purple,1155,234,1241,476
test10_jpg.rf.0aba306850246bec521e90ed18f69396.jpg,2048,1536,clorox_red,1243,238,1385,461
test10_jpg.rf.0aba306850246bec521e90ed18f69396.jpg,2048,1536,clorox_red,1365,238,1431,463
test10_jpg.rf.0aba306850246bec521e90ed18f69396.jpg,2048,1536,zep_green,285,1056,423,1345
test10_jpg.rf.0aba306850246bec521e90ed18f69396.jpg,2048,1536,zep_green,414,1026,535,1310
test10_jpg.rf.0aba306850246bec521e90ed18f69396.jpg,2048,1536,clr_white,526,1023,649,1283
test10_jpg.rf.0aba306850246bec521e90ed18f69396.jpg,2048,1536,clr_white,642,1006,748,1266
test10_jpg.rf.0aba306850246bec521e90ed18f69396.jpg,2048,1536,clr,728,978,834,1235
test10_jpg.rf.0aba306850246bec521e90ed18f69396.jpg,2048,1536,clr,830,957,921,1205
test10_jpg.rf.0aba306850246bec521e90ed18f69396.jpg,2048,1536,drano,826,1270,990,1520
test10_jpg.rf.0aba306850246bec521e90ed18f69396.jpg,2048,1536,kaboom_nodrip,834,611,955,864
test10_jpg.rf.0aba306850246bec521e90ed18f69396.jpg,2048,1536,kaboom_nodrip,944,602,1037,855
test10_jpg.rf.0aba306850246bec521e90ed18f69396.jpg,2048,1536,zep,1030,581,1131,831
test10_jpg.rf.0aba306850246bec521e90ed18f69396.jpg,2048,1536,zep,1120,573,1201,821
test10_jpg.rf.0aba306850246bec521e90ed18f69396.jpg,2048,1536,kaboom_heavy,1196,573,1290,818
test10_jpg.rf.0aba306850246bec521e90ed18f69396.jpg,2048,1536,kaboom_heavy,1289,573,1373,796
test10_jpg.rf.0aba306850246bec521e90ed18f69396.jpg,2048,1536,kaboom_heavy,1372,563,1448,786
test10_jpg.rf.0aba306850246bec521e90ed18f69396.jpg,2048,1536,kaboom_heavy,1443,558,1514,773
test10_jpg.rf.0aba306850246bec521e90ed18f69396.jpg,2048,1536,works,1513,560,1658,769
test10_jpg.rf.0aba306850246bec521e90ed18f69396.jpg,2048,1536,zep_variant,1604,817,1671,1018
test10_jpg.rf.0aba306850246bec521e90ed18f69396.jpg,2048,1536,zep_variant,1665,815,1732,1008
test10_jpg.rf.0aba306850246bec521e90ed18f69396.jpg,2048,1536,lysol,1783,808,1847,984
test10_jpg.rf.0aba306850246bec521e90ed18f69396.jpg,2048,1536,clorox_dblue,1463,861,1537,1052
test10_jpg.rf.0aba306850246bec521e90ed18f69396.jpg,2048,1536,clorox_dblue,1539,848,1601,1035
test10_jpg.rf.0aba306850246bec521e90ed18f69396.jpg,2048,1536,zep10min,1131,1242,1205,1435
test10_jpg.rf.0aba306850246bec521e90ed18f69396.jpg,2048,1536,zep10min,1208,1212,1265,1398
test10_jpg.rf.0aba306850246bec521e90ed18f69396.jpg,2048,1536,zep10minblack,1269,1189,1319,1382
test10_jpg.rf.0aba306850246bec521e90ed18f69396.jpg,2048,1536,zep10minblack,1316,1178,1383,1365
test10_jpg.rf.0aba306850246bec521e90ed18f69396.jpg,2048,1536,zep10minbig,1423,1123,1548,1319
test10_jpg.rf.0aba306850246bec521e90ed18f69396.jpg,2048,1536,zep10minbig,1535,1088,1628,1277
test10_jpg.rf.0aba306850246bec521e90ed18f69396.jpg,2048,1536,magic,1258,876,1346,1111
test10_jpg.rf.0aba306850246bec521e90ed18f69396.jpg,2048,1536,magic,1339,867,1425,1093
test10_jpg.rf.0aba306850246bec521e90ed18f69396.jpg,2048,1536,magic,1411,849,1461,1062
test10_jpg.rf.0aba306850246bec521e90ed18f69396.jpg,2048,1536,wetforget,1019,935,1183,1175
test10_jpg.rf.0aba306850246bec521e90ed18f69396.jpg,2048,1536,wetforget,925,947,1016,1190
test10_jpg.rf.0aba306850246bec521e90ed18f69396.jpg,2048,1536,scrubbing_mega,199,683,314,974
test10_jpg.rf.0aba306850246bec521e90ed18f69396.jpg,2048,1536,scrubbing_mega,284,683,385,952
test10_jpg.rf.0aba306850246bec521e90ed18f69396.jpg,2048,1536,scrubbing,397,636,547,927
test10_jpg.rf.0aba306850246bec521e90ed18f69396.jpg,2048,1536,scrubbing,523,627,619,902
test10_jpg.rf.0aba306850246bec521e90ed18f69396.jpg,2048,1536,scrubbing,603,621,729,886
test10_jpg.rf.0aba306850246bec521e90ed18f69396.jpg,2048,1536,scrubbing,723,624,851,879
2019_08_02_06_22_16_ex2_jpg.rf.9541503e47f8f29994d0030a405f78e8.jpg,2048,412,weedbgone_thin,570,86,720,393
2019_08_02_06_22_16_ex2_jpg.rf.9541503e47f8f29994d0030a405f78e8.jpg,2048,412,weedbgone_thin,700,96,820,393
2019_08_02_06_22_16_ex2_jpg.rf.9541503e47f8f29994d0030a405f78e8.jpg,2048,412,weedbgone_thin,825,92,956,392
2019_08_02_06_22_16_ex2_jpg.rf.9541503e47f8f29994d0030a405f78e8.jpg,2048,412,spectracide_thin,951,95,1071,383
2019_08_02_06_22_16_ex2_jpg.rf.9541503e47f8f29994d0030a405f78e8.jpg,2048,412,spectracide_thin,1069,92,1189,392
2019_08_02_06_22_16_ex2_jpg.rf.9541503e47f8f29994d0030a405f78e8.jpg,2048,412,spectracide_thin,1180,93,1306,383
2019_08_02_06_22_16_ex2_jpg.rf.9541503e47f8f29994d0030a405f78e8.jpg,2048,412,roundup_thin_var,1314,83,1413,383
2019_08_02_06_22_16_ex2_jpg.rf.9541503e47f8f29994d0030a405f78e8.jpg,2048,412,roundup_thin_var,1407,84,1494,388
2019_08_02_06_22_16_ex2_jpg.rf.9541503e47f8f29994d0030a405f78e8.jpg,2048,412,allinone_var,1511,103,1624,386
2019_08_02_06_22_16_ex2_jpg.rf.9541503e47f8f29994d0030a405f78e8.jpg,2048,412,allinone_var,1603,120,1716,378
2019_08_02_06_22_16_ex2_jpg.rf.9541503e47f8f29994d0030a405f78e8.jpg,2048,412,weedbgone_thin_var,1718,86,1824,381
2019_08_02_06_22_16_ex2_jpg.rf.9541503e47f8f29994d0030a405f78e8.jpg,2048,412,weedbgone_thin_var,1836,86,1921,381
2019_08_02_06_22_16_ex2_jpg.rf.9541503e47f8f29994d0030a405f78e8.jpg,2048,412,weedbgone_thin_var,1921,90,2045,378
2019_08_02_06_22_16_ex2_jpg.rf.9541503e47f8f29994d0030a405f78e8.jpg,2048,412,allinone,314,91,450,384
2019_08_02_06_22_16_ex2_jpg.rf.9541503e47f8f29994d0030a405f78e8.jpg,2048,412,allinone,441,90,549,390
2019_08_02_06_22_16_ex2_jpg.rf.9541503e47f8f29994d0030a405f78e8.jpg,2048,412,roundup_thin,167,93,293,388
2019_08_02_06_22_16_ex2_jpg.rf.9541503e47f8f29994d0030a405f78e8.jpg,2048,412,roundup_thin,40,107,157,388
2019_08_02_04_08_39_test6_jpg.rf.1d1541cca29ca349002490c5eef6426e.jpg,2048,1536,roundup_thin,170,344,328,638
2019_08_02_04_08_39_test6_jpg.rf.1d1541cca29ca349002490c5eef6426e.jpg,2048,1536,roundup_thin,335,354,502,644
2019_08_02_04_08_39_test6_jpg.rf.1d1541cca29ca349002490c5eef6426e.jpg,2048,1536,allinone,509,362,638,638
2019_08_02_04_08_39_test6_jpg.rf.1d1541cca29ca349002490c5eef6426e.jpg,2048,1536,allinone,643,378,758,636
2019_08_02_04_08_39_test6_jpg.rf.1d1541cca29ca349002490c5eef6426e.jpg,2048,1536,weedbgone_thin,774,377,906,640
2019_08_02_04_08_39_test6_jpg.rf.1d1541cca29ca349002490c5eef6426e.jpg,2048,1536,weedbgone_thin,904,395,1014,646
2019_08_02_04_08_39_test6_jpg.rf.1d1541cca29ca349002490c5eef6426e.jpg,2048,1536,weedbgone_thin,1011,394,1118,637
2019_08_02_04_08_39_test6_jpg.rf.1d1541cca29ca349002490c5eef6426e.jpg,2048,1536,spectracide_thin,1116,391,1222,633
2019_08_02_04_08_39_test6_jpg.rf.1d1541cca29ca349002490c5eef6426e.jpg,2048,1536,spectracide_thin,1223,400,1309,637
2019_08_02_04_08_39_test6_jpg.rf.1d1541cca29ca349002490c5eef6426e.jpg,2048,1536,Weedbgone,1306,404,1406,635
2019_08_02_04_08_39_test6_jpg.rf.1d1541cca29ca349002490c5eef6426e.jpg,2048,1536,roundup_thin_var,1411,403,1471,625
2019_08_02_04_08_39_test6_jpg.rf.1d1541cca29ca349002490c5eef6426e.jpg,2048,1536,roundup_thin_var,1462,401,1535,631
2019_08_02_04_08_39_test6_jpg.rf.1d1541cca29ca349002490c5eef6426e.jpg,2048,1536,allinone_var,1543,432,1612,635
2019_08_02_04_08_39_test6_jpg.rf.1d1541cca29ca349002490c5eef6426e.jpg,2048,1536,allinone_var,1606,438,1670,626
2019_08_02_04_08_39_test6_jpg.rf.1d1541cca29ca349002490c5eef6426e.jpg,2048,1536,weedbgone_thin_var,1676,418,1744,625
2019_08_02_04_08_39_test6_jpg.rf.1d1541cca29ca349002490c5eef6426e.jpg,2048,1536,weedbgone_thin_var,1736,416,1799,622
2019_08_02_04_08_39_test6_jpg.rf.1d1541cca29ca349002490c5eef6426e.jpg,2048,1536,weedbgone_thin_var,1801,415,1867,621
2019_08_02_04_08_39_test6_jpg.rf.1d1541cca29ca349002490c5eef6426e.jpg,2048,1536,spectracide_thin_var,1858,430,1932,622
2019_08_02_04_08_39_test6_jpg.rf.1d1541cca29ca349002490c5eef6426e.jpg,2048,1536,spectracide_thin_var,1923,430,1967,619
2019_08_02_04_08_39_test6_jpg.rf.1d1541cca29ca349002490c5eef6426e.jpg,2048,1536,roundup,200,740,413,1040
2019_08_02_04_08_39_test6_jpg.rf.1d1541cca29ca349002490c5eef6426e.jpg,2048,1536,roundup,423,738,616,1017
2019_08_02_04_08_39_test6_jpg.rf.1d1541cca29ca349002490c5eef6426e.jpg,2048,1536,bayer,622,738,837,997
2019_08_02_04_08_39_test6_jpg.rf.1d1541cca29ca349002490c5eef6426e.jpg,2048,1536,bayer,838,718,1039,985
2019_08_02_04_08_39_test6_jpg.rf.1d1541cca29ca349002490c5eef6426e.jpg,2048,1536,Weedbgone,1047,704,1210,945
2019_08_02_04_08_39_test6_jpg.rf.1d1541cca29ca349002490c5eef6426e.jpg,2048,1536,spectracide,1350,696,1485,937
2019_08_02_04_08_39_test6_jpg.rf.1d1541cca29ca349002490c5eef6426e.jpg,2048,1536,spectracide,1470,692,1597,923
2019_08_02_04_08_39_test6_jpg.rf.1d1541cca29ca349002490c5eef6426e.jpg,2048,1536,spectracidepacket,1655,676,1838,889
2019_08_02_04_08_39_test6_jpg.rf.1d1541cca29ca349002490c5eef6426e.jpg,2048,1536,spectracidepacket,1836,660,1939,885
2019_08_02_04_08_39_test6_jpg.rf.1d1541cca29ca349002490c5eef6426e.jpg,2048,1536,roundup,314,1176,523,1449
2019_08_02_04_08_39_test6_jpg.rf.1d1541cca29ca349002490c5eef6426e.jpg,2048,1536,roundup,555,1149,740,1410
2019_08_02_04_08_39_test6_jpg.rf.1d1541cca29ca349002490c5eef6426e.jpg,2048,1536,roundup,758,1109,951,1376
2019_08_02_04_08_39_test6_jpg.rf.1d1541cca29ca349002490c5eef6426e.jpg,2048,1536,Weedbgone,1085,1047,1236,1296
2019_08_02_04_08_39_test6_jpg.rf.1d1541cca29ca349002490c5eef6426e.jpg,2048,1536,Weedbgone,1222,1055,1371,1262
2019_08_02_04_08_39_test6_jpg.rf.1d1541cca29ca349002490c5eef6426e.jpg,2048,1536,Weedbgone,1364,1031,1519,1234
2019_08_02_04_08_39_test6_jpg.rf.1d1541cca29ca349002490c5eef6426e.jpg,2048,1536,Weedbgone,1338,1276,1491,1487
2019_08_02_04_08_39_test6_jpg.rf.1d1541cca29ca349002490c5eef6426e.jpg,2048,1536,Weedbgone,1191,1304,1334,1513
2019_08_02_04_08_39_test6_jpg.rf.1d1541cca29ca349002490c5eef6426e.jpg,2048,1536,Weedbgone,1039,1340,1184,1536
2019_08_02_04_08_39_test6_jpg.rf.1d1541cca29ca349002490c5eef6426e.jpg,2048,1536,spectracide,1575,975,1690,1182
2019_08_02_04_08_39_test6_jpg.rf.1d1541cca29ca349002490c5eef6426e.jpg,2048,1536,spectracide,1695,961,1802,1160
2019_08_02_04_08_39_test6_jpg.rf.1d1541cca29ca349002490c5eef6426e.jpg,2048,1536,spectracide,1803,947,1896,1132
2019_08_02_04_08_39_test6_jpg.rf.1d1541cca29ca349002490c5eef6426e.jpg,2048,1536,spectracide,1565,1250,1636,1411
2019_08_02_04_08_39_test6_jpg.rf.1d1541cca29ca349002490c5eef6426e.jpg,2048,1536,spectracide,1643,1240,1752,1377
2019_08_02_04_08_39_test6_jpg.rf.1d1541cca29ca349002490c5eef6426e.jpg,2048,1536,spectracide,1759,1209,1854,1348
2019_08_02_04_08_39_test6_jpg.rf.1d1541cca29ca349002490c5eef6426e.jpg,2048,1536,allinone,138,0,284,214
2019_08_02_04_08_39_test6_jpg.rf.1d1541cca29ca349002490c5eef6426e.jpg,2048,1536,allinone,269,0,407,222
2019_08_02_04_08_39_test6_jpg.rf.1d1541cca29ca349002490c5eef6426e.jpg,2048,1536,allinone,401,4,541,240
2019_08_02_04_08_39_test6_jpg.rf.1d1541cca29ca349002490c5eef6426e.jpg,2048,1536,allinone,1028,22,1138,284
2019_08_02_04_08_39_test6_jpg.rf.1d1541cca29ca349002490c5eef6426e.jpg,2048,1536,allinone,1132,35,1228,297
2019_08_02_04_08_39_test6_jpg.rf.1d1541cca29ca349002490c5eef6426e.jpg,2048,1536,turfbuilder,528,1,679,252
2019_08_02_04_08_39_test6_jpg.rf.1d1541cca29ca349002490c5eef6426e.jpg,2048,1536,turfbuilder,658,0,801,258
2019_08_02_04_08_39_test6_jpg.rf.1d1541cca29ca349002490c5eef6426e.jpg,2048,1536,stagreen,796,61,915,261
2019_08_02_04_08_39_test6_jpg.rf.1d1541cca29ca349002490c5eef6426e.jpg,2048,1536,stagreen,918,75,1030,281
2022_03_22_04_58_20_test16_jpg.rf.3eb52bb657aa82c1e37684a53ef0cfc9.jpg,2048,353,zep_orange,722,69,861,323
2022_03_22_04_58_20_test16_jpg.rf.3eb52bb657aa82c1e37684a53ef0cfc9.jpg,2048,353,zep_green_big,890,73,1023,325
2022_03_22_04_58_20_test16_jpg.rf.3eb52bb657aa82c1e37684a53ef0cfc9.jpg,2048,353,zep_green_big,1019,74,1143,325
2022_03_22_04_58_20_test16_jpg.rf.3eb52bb657aa82c1e37684a53ef0cfc9.jpg,2048,353,mrclean_green,1145,79,1287,324
2022_03_22_04_58_20_test16_jpg.rf.3eb52bb657aa82c1e37684a53ef0cfc9.jpg,2048,353,dawn_orange,1286,75,1432,323
2022_03_22_04_58_20_test16_jpg.rf.3eb52bb657aa82c1e37684a53ef0cfc9.jpg,2048,353,dawn_orange,1434,83,1590,324
2022_03_22_04_58_20_test16_jpg.rf.3eb52bb657aa82c1e37684a53ef0cfc9.jpg,2048,353,dawn_orange,1590,79,1734,324
2022_03_22_04_58_20_test16_jpg.rf.3eb52bb657aa82c1e37684a53ef0cfc9.jpg,2048,353,zep_weird,1732,70,1858,326
2022_03_22_04_58_20_test16_jpg.rf.3eb52bb657aa82c1e37684a53ef0cfc9.jpg,2048,353,zep_weird,1858,70,2004,328
2022_03_22_04_58_20_test16_jpg.rf.3eb52bb657aa82c1e37684a53ef0cfc9.jpg,2048,353,dawn_purple,311,80,473,322
2022_03_22_04_58_20_test16_jpg.rf.3eb52bb657aa82c1e37684a53ef0cfc9.jpg,2048,353,dawn_purple,171,77,313,322
2022_03_22_04_58_20_test16_jpg.rf.3eb52bb657aa82c1e37684a53ef0cfc9.jpg,2048,353,dawn_purple,36,78,174,315
test11_jpg.rf.fbd37c2cb8668e85277b38edef97b135.jpg,2048,1536,allinone,506,352,637,645
test11_jpg.rf.fbd37c2cb8668e85277b38edef97b135.jpg,2048,1536,allinone,642,370,751,637
test11_jpg.rf.fbd37c2cb8668e85277b38edef97b135.jpg,2048,1536,allinone,1030,35,1137,294
test11_jpg.rf.fbd37c2cb8668e85277b38edef97b135.jpg,2048,1536,allinone,1132,47,1239,298
test11_jpg.rf.fbd37c2cb8668e85277b38edef97b135.jpg,2048,1536,allinone,402,1,527,242
test11_jpg.rf.fbd37c2cb8668e85277b38edef97b135.jpg,2048,1536,allinone,283,1,410,226
test11_jpg.rf.fbd37c2cb8668e85277b38edef97b135.jpg,2048,1536,allinone,147,1,280,210
test11_jpg.rf.fbd37c2cb8668e85277b38edef97b135.jpg,2048,1536,allinone_var,1545,422,1616,631
test11_jpg.rf.fbd37c2cb8668e85277b38edef97b135.jpg,2048,1536,allinone_var,1615,426,1678,629
test11_jpg.rf.fbd37c2cb8668e85277b38edef97b135.jpg,2048,1536,weedbgone_thin,778,378,905,647
test11_jpg.rf.fbd37c2cb8668e85277b38edef97b135.jpg,2048,1536,weedbgone_thin,894,380,1029,633
test11_jpg.rf.fbd37c2cb8668e85277b38edef97b135.jpg,2048,1536,weedbgone_thin,1014,394,1115,627
test11_jpg.rf.fbd37c2cb8668e85277b38edef97b135.jpg,2048,1536,spectracide_thin,1112,384,1225,633
test11_jpg.rf.fbd37c2cb8668e85277b38edef97b135.jpg,2048,1536,spectracide_thin,1223,398,1308,629
test11_jpg.rf.fbd37c2cb8668e85277b38edef97b135.jpg,2048,1536,spectracide_thin,1305,408,1400,635
test11_jpg.rf.fbd37c2cb8668e85277b38edef97b135.jpg,2048,1536,roundup_thin,337,352,492,641
test11_jpg.rf.fbd37c2cb8668e85277b38edef97b135.jpg,2048,1536,roundup_thin,179,344,336,643
test11_jpg.rf.fbd37c2cb8668e85277b38edef97b135.jpg,2048,1536,roundup_thin_var,1403,400,1466,631
test11_jpg.rf.fbd37c2cb8668e85277b38edef97b135.jpg,2048,1536,roundup_thin_var,1481,404,1544,629
test11_jpg.rf.fbd37c2cb8668e85277b38edef97b135.jpg,2048,1536,weedbgone_thin_var,1687,416,1738,631
test11_jpg.rf.fbd37c2cb8668e85277b38edef97b135.jpg,2048,1536,weedbgone_thin_var,1743,414,1800,627
test11_jpg.rf.fbd37c2cb8668e85277b38edef97b135.jpg,2048,1536,weedbgone_thin_var,1797,418,1872,631
test11_jpg.rf.fbd37c2cb8668e85277b38edef97b135.jpg,2048,1536,spectracide_thin_var,1875,422,1920,627
test11_jpg.rf.fbd37c2cb8668e85277b38edef97b135.jpg,2048,1536,spectracide_thin_var,1929,428,1974,617
test11_jpg.rf.fbd37c2cb8668e85277b38edef97b135.jpg,2048,1536,Weedbgone,1042,716,1217,943
test11_jpg.rf.fbd37c2cb8668e85277b38edef97b135.jpg,2048,1536,Weedbgone,1066,1066,1229,1275
test11_jpg.rf.fbd37c2cb8668e85277b38edef97b135.jpg,2048,1536,Weedbgone,1239,1060,1380,1271
test11_jpg.rf.fbd37c2cb8668e85277b38edef97b135.jpg,2048,1536,Weedbgone,1383,1028,1516,1239
test11_jpg.rf.fbd37c2cb8668e85277b38edef97b135.jpg,2048,1536,Weedbgone,1054,1359,1193,1536
test11_jpg.rf.fbd37c2cb8668e85277b38edef97b135.jpg,2048,1536,Weedbgone,1203,1319,1322,1494
test11_jpg.rf.fbd37c2cb8668e85277b38edef97b135.jpg,2048,1536,Weedbgone,1335,1281,1482,1480
test11_jpg.rf.fbd37c2cb8668e85277b38edef97b135.jpg,2048,1536,roundup,422,748,631,1009
test11_jpg.rf.fbd37c2cb8668e85277b38edef97b135.jpg,2048,1536,roundup,209,740,410,1049
test11_jpg.rf.fbd37c2cb8668e85277b38edef97b135.jpg,2048,1536,roundup,320,1163,537,1466
test11_jpg.rf.fbd37c2cb8668e85277b38edef97b135.jpg,2048,1536,roundup,558,1137,763,1416
test11_jpg.rf.fbd37c2cb8668e85277b38edef97b135.jpg,2048,1536,spectracide,1361,700,1486,931
test11_jpg.rf.fbd37c2cb8668e85277b38edef97b135.jpg,2048,1536,spectracide,1473,702,1596,913
test11_jpg.rf.fbd37c2cb8668e85277b38edef97b135.jpg,2048,1536,spectracidepacket,1659,666,1848,881
test11_jpg.rf.fbd37c2cb8668e85277b38edef97b135.jpg,2048,1536,spectracidepacket,1821,674,1980,883
test11_jpg.rf.fbd37c2cb8668e85277b38edef97b135.jpg,2048,1536,bayer,604,736,841,999
test11_jpg.rf.fbd37c2cb8668e85277b38edef97b135.jpg,2048,1536,bayer,828,716,1045,967
test11_jpg.rf.fbd37c2cb8668e85277b38edef97b135.jpg,2048,1536,spectracide,1582,971,1687,1171
test11_jpg.rf.fbd37c2cb8668e85277b38edef97b135.jpg,2048,1536,spectracide,1697,988,1796,1141
test11_jpg.rf.fbd37c2cb8668e85277b38edef97b135.jpg,2048,1536,spectracide,1805,957,1906,1124
test11_jpg.rf.fbd37c2cb8668e85277b38edef97b135.jpg,2048,1536,spectracide,1558,1260,1634,1405
test11_jpg.rf.fbd37c2cb8668e85277b38edef97b135.jpg,2048,1536,spectracide,1645,1219,1753,1402
test11_jpg.rf.fbd37c2cb8668e85277b38edef97b135.jpg,2048,1536,spectracide,1758,1203,1857,1363
2019_08_27_08_26_20_ex1_jpg.rf.a43b7ee1052d6e04a4be76422bd36dd3.jpg,2048,520,roundup,269,157,507,516
2019_08_27_08_26_20_ex1_jpg.rf.a43b7ee1052d6e04a4be76422bd36dd3.jpg,2048,520,roundup,508,153,752,520
2019_08_27_08_26_20_ex1_jpg.rf.a43b7ee1052d6e04a4be76422bd36dd3.jpg,2048,520,roundup,758,159,1020,520
2019_08_27_08_26_20_ex1_jpg.rf.a43b7ee1052d6e04a4be76422bd36dd3.jpg,2048,520,Weedbgone,1188,129,1435,520
2019_08_27_08_26_20_ex1_jpg.rf.a43b7ee1052d6e04a4be76422bd36dd3.jpg,2048,520,Weedbgone,1413,112,1678,510
2019_08_27_08_26_20_ex1_jpg.rf.a43b7ee1052d6e04a4be76422bd36dd3.jpg,2048,520,Weedbgone,1661,115,1935,507
2020_01_14_11_17_34_ex3_jpg.rf.36bdcf7e591faca48ef5941c0afbb520.jpg,2048,379,zep_green_big,812,78,951,346
2020_01_14_11_17_34_ex3_jpg.rf.36bdcf7e591faca48ef5941c0afbb520.jpg,2048,379,zep_green_big,941,72,1069,348
2020_01_14_11_17_34_ex3_jpg.rf.36bdcf7e591faca48ef5941c0afbb520.jpg,2048,379,zep_orange,622,72,801,340
2020_01_14_11_17_34_ex3_jpg.rf.36bdcf7e591faca48ef5941c0afbb520.jpg,2048,379,mrclean_green,1074,78,1223,346
2020_01_14_11_17_34_ex3_jpg.rf.36bdcf7e591faca48ef5941c0afbb520.jpg,2048,379,mrclean_green,1224,77,1393,357
2020_01_14_11_17_34_ex3_jpg.rf.36bdcf7e591faca48ef5941c0afbb520.jpg,2048,379,dawn_orange,1395,76,1555,365
2020_01_14_11_17_34_ex3_jpg.rf.36bdcf7e591faca48ef5941c0afbb520.jpg,2048,379,dawn_orange,1550,68,1728,357
2020_01_14_11_17_34_ex3_jpg.rf.36bdcf7e591faca48ef5941c0afbb520.jpg,2048,379,zep_weird,1703,75,1842,351
2020_01_14_11_17_34_ex3_jpg.rf.36bdcf7e591faca48ef5941c0afbb520.jpg,2048,379,zep_weird,1847,65,1981,359
2020_01_14_11_17_34_ex3_jpg.rf.36bdcf7e591faca48ef5941c0afbb520.jpg,2048,379,dawn_purple,182,82,360,332
2020_01_14_11_17_34_ex3_jpg.rf.36bdcf7e591faca48ef5941c0afbb520.jpg,2048,379,dawn_purple,30,77,183,345
2022_03_22_04_58_20_test14_jpg.rf.f01a9447a020c7024e95e4fe4d1b7021.jpg,2048,436,bona,140,143,272,410
2022_03_22_04_58_20_test14_jpg.rf.f01a9447a020c7024e95e4fe4d1b7021.jpg,2048,436,bona,269,142,394,405
2022_03_22_04_58_20_test14_jpg.rf.f01a9447a020c7024e95e4fe4d1b7021.jpg,2048,436,bona,393,143,512,402
2022_03_22_04_58_20_test14_jpg.rf.f01a9447a020c7024e95e4fe4d1b7021.jpg,2048,436,bona,515,143,634,397
2022_03_22_04_58_20_test14_jpg.rf.f01a9447a020c7024e95e4fe4d1b7021.jpg,2048,436,bona_white,635,143,752,399
2022_03_22_04_58_20_test14_jpg.rf.f01a9447a020c7024e95e4fe4d1b7021.jpg,2048,436,bona_white,751,144,864,395
2022_03_22_04_58_20_test14_jpg.rf.f01a9447a020c7024e95e4fe4d1b7021.jpg,2048,436,bona_white,859,138,978,393
2022_03_22_04_58_20_test14_jpg.rf.f01a9447a020c7024e95e4fe4d1b7021.jpg,2048,436,bona_white,973,142,1096,391
2022_03_22_04_58_20_test14_jpg.rf.f01a9447a020c7024e95e4fe4d1b7021.jpg,2048,436,bona_blue,1094,143,1223,396
2022_03_22_04_58_20_test14_jpg.rf.f01a9447a020c7024e95e4fe4d1b7021.jpg,2048,436,bona_blue,1222,142,1359,397
2022_03_22_04_58_20_test14_jpg.rf.f01a9447a020c7024e95e4fe4d1b7021.jpg,2048,436,bona_blue,1352,145,1463,389
2022_03_22_04_58_20_test14_jpg.rf.f01a9447a020c7024e95e4fe4d1b7021.jpg,2048,436,bona_spray_thin_b,1453,94,1557,390
2022_03_22_04_58_20_test14_jpg.rf.f01a9447a020c7024e95e4fe4d1b7021.jpg,2048,436,bona_spray_thin_b,1562,101,1668,387
2022_03_22_04_58_20_test14_jpg.rf.f01a9447a020c7024e95e4fe4d1b7021.jpg,2048,436,bona_spray_thin_g,1720,74,1845,379
test4_JPG.rf.88579a0a456761489df5eb15541dbb84.jpg,2048,1536,folex,149,958,243,1178
test4_JPG.rf.88579a0a456761489df5eb15541dbb84.jpg,2048,1536,folex,7,957,103,1175
test4_JPG.rf.88579a0a456761489df5eb15541dbb84.jpg,2048,1536,folex,90,955,164,1175
test4_JPG.rf.88579a0a456761489df5eb15541dbb84.jpg,2048,1536,folex_big,280,1231,425,1479
test4_JPG.rf.88579a0a456761489df5eb15541dbb84.jpg,2048,1536,folex_big,422,1216,530,1456
test4_JPG.rf.88579a0a456761489df5eb15541dbb84.jpg,2048,1536,zep_variant,1,602,102,859
test4_JPG.rf.88579a0a456761489df5eb15541dbb84.jpg,2048,1536,zep_variant,95,605,213,857
test4_JPG.rf.88579a0a456761489df5eb15541dbb84.jpg,2048,1536,zep_variant,229,595,313,833
test4_JPG.rf.88579a0a456761489df5eb15541dbb84.jpg,2048,1536,zep_carpt,298,595,406,854
test4_JPG.rf.88579a0a456761489df5eb15541dbb84.jpg,2048,1536,zep_carpt,403,597,501,854
test4_JPG.rf.88579a0a456761489df5eb15541dbb84.jpg,2048,1536,zep_carpt,496,593,590,848
test4_JPG.rf.88579a0a456761489df5eb15541dbb84.jpg,2048,1536,zep_carpt,586,603,689,850
test4_JPG.rf.88579a0a456761489df5eb15541dbb84.jpg,2048,1536,resolve,895,613,1016,841
test4_JPG.rf.88579a0a456761489df5eb15541dbb84.jpg,2048,1536,resolve,688,609,801,842
test4_JPG.rf.88579a0a456761489df5eb15541dbb84.jpg,2048,1536,resolve,805,616,906,824
test4_JPG.rf.88579a0a456761489df5eb15541dbb84.jpg,2048,1536,resolve,1335,599,1448,820
test4_JPG.rf.88579a0a456761489df5eb15541dbb84.jpg,2048,1536,resolve,1438,605,1541,816
test4_JPG.rf.88579a0a456761489df5eb15541dbb84.jpg,2048,1536,resolve_big,791,1230,936,1455
test4_JPG.rf.88579a0a456761489df5eb15541dbb84.jpg,2048,1536,resolve_big,944,1233,1087,1449
test4_JPG.rf.88579a0a456761489df5eb15541dbb84.jpg,2048,1536,resolve_big,1074,1235,1211,1446
test4_JPG.rf.88579a0a456761489df5eb15541dbb84.jpg,2048,1536,resolve_big,1208,1223,1343,1444
2022_03_22_04_58_20_test13_JPG.rf.113cefbbd3d16eb24caeb904de603714.jpg,2048,1536,bona,569,562,682,765
2022_03_22_04_58_20_test13_JPG.rf.113cefbbd3d16eb24caeb904de603714.jpg,2048,1536,bona,667,561,769,762
2022_03_22_04_58_20_test13_JPG.rf.113cefbbd3d16eb24caeb904de603714.jpg,2048,1536,bona,767,557,862,757
2022_03_22_04_58_20_test13_JPG.rf.113cefbbd3d16eb24caeb904de603714.jpg,2048,1536,bona,862,558,958,757
2022_03_22_04_58_20_test13_JPG.rf.113cefbbd3d16eb24caeb904de603714.jpg,2048,1536,bona_blue,1314,547,1418,749
2022_03_22_04_58_20_test13_JPG.rf.113cefbbd3d16eb24caeb904de603714.jpg,2048,1536,bona_blue,1410,545,1516,746
2022_03_22_04_58_20_test13_JPG.rf.113cefbbd3d16eb24caeb904de603714.jpg,2048,1536,bona_white,1515,546,1605,744
2022_03_22_04_58_20_test13_JPG.rf.113cefbbd3d16eb24caeb904de603714.jpg,2048,1536,bona_white,956,555,1047,753
2022_03_22_04_58_20_test13_JPG.rf.113cefbbd3d16eb24caeb904de603714.jpg,2048,1536,bona_white,1044,554,1135,750
2022_03_22_04_58_20_test13_JPG.rf.113cefbbd3d16eb24caeb904de603714.jpg,2048,1536,bona_white,1131,553,1223,752
2022_03_22_04_58_20_test13_JPG.rf.113cefbbd3d16eb24caeb904de603714.jpg,2048,1536,bona_white,1219,548,1312,747
2022_03_22_04_58_20_test13_JPG.rf.113cefbbd3d16eb24caeb904de603714.jpg,2048,1536,pledge,134,563,217,764
2022_03_22_04_58_20_test13_JPG.rf.113cefbbd3d16eb24caeb904de603714.jpg,2048,1536,pledge,197,566,269,765
2022_03_22_04_58_20_test13_JPG.rf.113cefbbd3d16eb24caeb904de603714.jpg,2048,1536,pledge,247,564,320,766
2022_03_22_04_58_20_test13_JPG.rf.113cefbbd3d16eb24caeb904de603714.jpg,2048,1536,pledge,300,566,376,766
2022_03_22_04_58_20_test13_JPG.rf.113cefbbd3d16eb24caeb904de603714.jpg,2048,1536,bona_big,1353,803,1505,1032
2022_03_22_04_58_20_test13_JPG.rf.113cefbbd3d16eb24caeb904de603714.jpg,2048,1536,bona_spray_blue,1267,840,1355,1046
2022_03_22_04_58_20_test13_JPG.rf.113cefbbd3d16eb24caeb904de603714.jpg,2048,1536,bona_spray_blue,1180,851,1268,1053
2022_03_22_04_58_20_test13_JPG.rf.113cefbbd3d16eb24caeb904de603714.jpg,2048,1536,bona_spray_green,1023,843,1102,1035
2022_03_22_04_58_20_test13_JPG.rf.113cefbbd3d16eb24caeb904de603714.jpg,2048,1536,bona_spray_green,1102,840,1181,1034
2022_03_22_04_58_20_test13_JPG.rf.113cefbbd3d16eb24caeb904de603714.jpg,2048,1536,bona_big,805,1110,973,1339
2022_03_22_04_58_20_test13_JPG.rf.113cefbbd3d16eb24caeb904de603714.jpg,2048,1536,bona_big,967,1107,1105,1304
2022_03_22_04_58_20_test13_JPG.rf.113cefbbd3d16eb24caeb904de603714.jpg,2048,1536,bona_big,1114,1128,1263,1331
2022_03_22_04_58_20_test13_JPG.rf.113cefbbd3d16eb24caeb904de603714.jpg,2048,1536,bona_big,1263,1114,1418,1340
2022_03_22_04_58_20_test13_JPG.rf.113cefbbd3d16eb24caeb904de603714.jpg,2048,1536,bona_big,1418,1121,1574,1344
2022_03_22_04_58_20_test13_JPG.rf.113cefbbd3d16eb24caeb904de603714.jpg,2048,1536,once_n_done,1653,856,1742,1055
2022_03_22_04_58_20_test13_JPG.rf.113cefbbd3d16eb24caeb904de603714.jpg,2048,1536,once_n_done,1736,855,1845,1031
2022_03_22_04_58_20_test13_JPG.rf.113cefbbd3d16eb24caeb904de603714.jpg,2048,1536,once_n_done,1568,1085,1705,1314
2022_03_22_04_58_20_test13_JPG.rf.113cefbbd3d16eb24caeb904de603714.jpg,2048,1536,bona_spray_thin_g,1789,491,1896,740
2022_03_22_04_58_20_test13_JPG.rf.113cefbbd3d16eb24caeb904de603714.jpg,2048,1536,bona_spray_thin_b,1664,478,1752,743
2022_03_22_04_58_20_test13_JPG.rf.113cefbbd3d16eb24caeb904de603714.jpg,2048,1536,bona_spray_thin_b,1597,496,1675,734
2022_03_22_04_58_20_test13_JPG.rf.113cefbbd3d16eb24caeb904de603714.jpg,2048,1536,bona_spray_red,1421,182,1516,408
2022_03_22_04_58_20_test13_JPG.rf.113cefbbd3d16eb24caeb904de603714.jpg,2048,1536,bona_spray_red,1519,182,1612,407
2022_03_22_04_58_20_test13_JPG.rf.113cefbbd3d16eb24caeb904de603714.jpg,2048,1536,bona_spray_red,1612,188,1706,409
2022_03_22_04_58_20_test13_JPG.rf.113cefbbd3d16eb24caeb904de603714.jpg,2048,1536,bona_spray_red,1697,186,1765,405
2022_03_22_04_58_20_test13_JPG.rf.113cefbbd3d16eb24caeb904de603714.jpg,2048,1536,old_english_polish,428,214,526,414
2022_03_22_04_58_20_test13_JPG.rf.113cefbbd3d16eb24caeb904de603714.jpg,2048,1536,old_english_polish,327,213,431,414
2022_03_22_04_58_20_test13_JPG.rf.113cefbbd3d16eb24caeb904de603714.jpg,2048,1536,old_english_polish,234,211,350,419
2022_03_22_04_58_20_test13_JPG.rf.113cefbbd3d16eb24caeb904de603714.jpg,2048,1536,old_english_polish,152,212,267,415
2022_03_22_04_58_20_test13_JPG.rf.113cefbbd3d16eb24caeb904de603714.jpg,2048,1536,old_english_polish,69,212,186,412
2022_03_22_04_58_20_test13_JPG.rf.113cefbbd3d16eb24caeb904de603714.jpg,2048,1536,polish_gold,798,869,855,1070
2022_03_22_04_58_20_test13_JPG.rf.113cefbbd3d16eb24caeb904de603714.jpg,2048,1536,polish_gold,859,863,918,1062
2022_03_22_04_58_20_test13_JPG.rf.113cefbbd3d16eb24caeb904de603714.jpg,2048,1536,polish_gold,921,863,979,1060
2022_03_22_04_58_20_test13_JPG.rf.113cefbbd3d16eb24caeb904de603714.jpg,2048,1536,polish_gold,699,866,764,1063
2022_03_22_04_58_20_test13_JPG.rf.113cefbbd3d16eb24caeb904de603714.jpg,2048,1536,polish_gold,764,864,805,1053
2022_03_22_04_58_20_test13_JPG.rf.113cefbbd3d16eb24caeb904de603714.jpg,2048,1536,polish_spray,604,857,704,1062
2022_03_22_04_58_20_test13_JPG.rf.113cefbbd3d16eb24caeb904de603714.jpg,2048,1536,polish_spray,503,862,601,1072
2022_03_22_04_58_20_test13_JPG.rf.113cefbbd3d16eb24caeb904de603714.jpg,2048,1536,pledge_packet,693,198,803,418
2022_03_22_04_58_20_test13_JPG.rf.113cefbbd3d16eb24caeb904de603714.jpg,2048,1536,pledge_packet,793,195,901,413
2022_03_22_04_58_20_test13_JPG.rf.113cefbbd3d16eb24caeb904de603714.jpg,2048,1536,pledge_packet,896,196,1002,416
2022_03_22_04_58_20_test13_JPG.rf.113cefbbd3d16eb24caeb904de603714.jpg,2048,1536,pledge_packet,994,192,1104,415
2022_03_22_04_58_20_test13_JPG.rf.113cefbbd3d16eb24caeb904de603714.jpg,2048,1536,pledge_packet,1106,202,1229,417
test9_JPG.rf.3dd870f793e8c59d80992d649a06fbe4.jpg,2048,1536,clorox_blue,744,228,853,483
test9_JPG.rf.3dd870f793e8c59d80992d649a06fbe4.jpg,2048,1536,clorox_blue,853,226,967,484
test9_JPG.rf.3dd870f793e8c59d80992d649a06fbe4.jpg,2048,1536,clorox_purple,965,230,1086,484
test9_JPG.rf.3dd870f793e8c59d80992d649a06fbe4.jpg,2048,1536,clorox_purple,1065,243,1156,469
test9_JPG.rf.3dd870f793e8c59d80992d649a06fbe4.jpg,2048,1536,clorox_purple,1147,236,1249,465
test9_JPG.rf.3dd870f793e8c59d80992d649a06fbe4.jpg,2048,1536,clorox_red,1242,223,1386,462
test9_JPG.rf.3dd870f793e8c59d80992d649a06fbe4.jpg,2048,1536,kaboom_nodrip,939,602,1050,848
test9_JPG.rf.3dd870f793e8c59d80992d649a06fbe4.jpg,2048,1536,kaboom_nodrip,855,608,944,860
test9_JPG.rf.3dd870f793e8c59d80992d649a06fbe4.jpg,2048,1536,zep,1121,578,1201,811
test9_JPG.rf.3dd870f793e8c59d80992d649a06fbe4.jpg,2048,1536,zep,1040,575,1129,830
test9_JPG.rf.3dd870f793e8c59d80992d649a06fbe4.jpg,2048,1536,kaboom_heavy,1193,578,1290,809
test9_JPG.rf.3dd870f793e8c59d80992d649a06fbe4.jpg,2048,1536,kaboom_heavy,1284,564,1376,797
test9_JPG.rf.3dd870f793e8c59d80992d649a06fbe4.jpg,2048,1536,kaboom_heavy,1366,564,1448,784
test9_JPG.rf.3dd870f793e8c59d80992d649a06fbe4.jpg,2048,1536,kaboom_heavy,1456,551,1510,761
test9_JPG.rf.3dd870f793e8c59d80992d649a06fbe4.jpg,2048,1536,scrubbing,725,616,849,885
test9_JPG.rf.3dd870f793e8c59d80992d649a06fbe4.jpg,2048,1536,scrubbing,619,611,728,895
test9_JPG.rf.3dd870f793e8c59d80992d649a06fbe4.jpg,2048,1536,scrubbing,415,637,544,920
test9_JPG.rf.3dd870f793e8c59d80992d649a06fbe4.jpg,2048,1536,scrubbing_mega,317,666,385,971
test9_JPG.rf.3dd870f793e8c59d80992d649a06fbe4.jpg,2048,1536,scrubbing_mega,203,681,313,952
test9_JPG.rf.3dd870f793e8c59d80992d649a06fbe4.jpg,2048,1536,magic,1200,897,1292,1134
test9_JPG.rf.3dd870f793e8c59d80992d649a06fbe4.jpg,2048,1536,magic,1280,871,1345,1108
test9_JPG.rf.3dd870f793e8c59d80992d649a06fbe4.jpg,2048,1536,magic,1343,871,1411,1084
test9_JPG.rf.3dd870f793e8c59d80992d649a06fbe4.jpg,2048,1536,magic,1411,858,1479,1071
test9_JPG.rf.3dd870f793e8c59d80992d649a06fbe4.jpg,2048,1536,works,1525,559,1659,791
test9_JPG.rf.3dd870f793e8c59d80992d649a06fbe4.jpg,2048,1536,zep_green,415,1024,538,1298
test9_JPG.rf.3dd870f793e8c59d80992d649a06fbe4.jpg,2048,1536,zep_green,261,1052,427,1342
test9_JPG.rf.3dd870f793e8c59d80992d649a06fbe4.jpg,2048,1536,clr,729,982,850,1229
test9_JPG.rf.3dd870f793e8c59d80992d649a06fbe4.jpg,2048,1536,clr,831,961,941,1198
test9_JPG.rf.3dd870f793e8c59d80992d649a06fbe4.jpg,2048,1536,clr_white,634,1000,771,1261
test9_JPG.rf.3dd870f793e8c59d80992d649a06fbe4.jpg,2048,1536,clr_white,531,1013,660,1282
test9_JPG.rf.3dd870f793e8c59d80992d649a06fbe4.jpg,2048,1536,wetforget,1021,961,1192,1166
test9_JPG.rf.3dd870f793e8c59d80992d649a06fbe4.jpg,2048,1536,lysol,1723,826,1783,989
test9_JPG.rf.3dd870f793e8c59d80992d649a06fbe4.jpg,2048,1536,lysol,1786,812,1854,978
test9_JPG.rf.3dd870f793e8c59d80992d649a06fbe4.jpg,2048,1536,drano,816,1274,995,1508
test9_JPG.rf.3dd870f793e8c59d80992d649a06fbe4.jpg,2048,1536,zep10minblack,1316,1172,1384,1363
test9_JPG.rf.3dd870f793e8c59d80992d649a06fbe4.jpg,2048,1536,zep10minblack,1266,1180,1323,1380
test9_JPG.rf.3dd870f793e8c59d80992d649a06fbe4.jpg,2048,1536,zep10minbig,1459,1144,1549,1308
test9_JPG.rf.3dd870f793e8c59d80992d649a06fbe4.jpg,2048,1536,zep10minbig,1544,1124,1626,1268
test9_JPG.rf.3dd870f793e8c59d80992d649a06fbe4.jpg,2048,1536,zep10min,1134,1253,1212,1431
test9_JPG.rf.3dd870f793e8c59d80992d649a06fbe4.jpg,2048,1536,zep10min,1212,1229,1275,1396
test9_JPG.rf.3dd870f793e8c59d80992d649a06fbe4.jpg,2048,1536,zepvariant,1613,826,1674,1030
test9_JPG.rf.3dd870f793e8c59d80992d649a06fbe4.jpg,2048,1536,zepvariant,1667,811,1736,1010
test9_JPG.rf.3dd870f793e8c59d80992d649a06fbe4.jpg,2048,1536,clorox_dblue,1461,862,1546,1059
test9_JPG.rf.3dd870f793e8c59d80992d649a06fbe4.jpg,2048,1536,clorox_dblue,1530,845,1617,1042
2022_03_22_04_58_20_test15_jpg.rf.b7e669fdd7d150d8376a681a41140181.jpg,2048,530,valspar_red,52,114,201,322
2022_03_22_04_58_20_test15_jpg.rf.b7e669fdd7d150d8376a681a41140181.jpg,2048,530,valspar_red,46,305,188,503
2022_03_22_04_58_20_test15_jpg.rf.b7e669fdd7d150d8376a681a41140181.jpg,2048,530,valspar_yellow,201,124,337,323
2022_03_22_04_58_20_test15_jpg.rf.b7e669fdd7d150d8376a681a41140181.jpg,2048,530,valspar_yellow,195,313,330,495
2022_03_22_04_58_20_test15_jpg.rf.b7e669fdd7d150d8376a681a41140181.jpg,2048,530,valspar_grey,347,117,486,310
2022_03_22_04_58_20_test15_jpg.rf.b7e669fdd7d150d8376a681a41140181.jpg,2048,530,valspar_grey,350,304,484,482
2022_03_22_04_58_20_test15_jpg.rf.b7e669fdd7d150d8376a681a41140181.jpg,2048,530,kilz_red,490,122,626,323
2022_03_22_04_58_20_test15_jpg.rf.b7e669fdd7d150d8376a681a41140181.jpg,2048,530,kilz_red,489,314,624,481
2022_03_22_04_58_20_test15_jpg.rf.b7e669fdd7d150d8376a681a41140181.jpg,2048,530,kilz_blue,629,124,774,322
2022_03_22_04_58_20_test15_jpg.rf.b7e669fdd7d150d8376a681a41140181.jpg,2048,530,kilz_blue,629,309,772,489
2022_03_22_04_58_20_test15_jpg.rf.b7e669fdd7d150d8376a681a41140181.jpg,2048,530,kilz_blue,778,123,923,317
2022_03_22_04_58_20_test15_jpg.rf.b7e669fdd7d150d8376a681a41140181.jpg,2048,530,kilz_blue,778,308,917,490
2022_03_22_04_58_20_test15_jpg.rf.b7e669fdd7d150d8376a681a41140181.jpg,2048,530,kilz_brown,923,122,1060,321
2022_03_22_04_58_20_test15_jpg.rf.b7e669fdd7d150d8376a681a41140181.jpg,2048,530,kilz_brown,924,304,1063,485
2022_03_22_04_58_20_test15_jpg.rf.b7e669fdd7d150d8376a681a41140181.jpg,2048,530,bullseye_2,1056,113,1186,307
2022_03_22_04_58_20_test15_jpg.rf.b7e669fdd7d150d8376a681a41140181.jpg,2048,530,bullseye_2,1064,296,1185,464
2022_03_22_04_58_20_test15_jpg.rf.b7e669fdd7d150d8376a681a41140181.jpg,2048,530,zinsser_brown,1199,123,1346,323
2022_03_22_04_58_20_test15_jpg.rf.b7e669fdd7d150d8376a681a41140181.jpg,2048,530,zinsser_brown,1207,306,1350,488
2022_03_22_04_58_20_test15_jpg.rf.b7e669fdd7d150d8376a681a41140181.jpg,2048,530,zinsser_blue,1330,119,1479,318
2022_03_22_04_58_20_test15_jpg.rf.b7e669fdd7d150d8376a681a41140181.jpg,2048,530,zinsser_blue,1351,306,1479,475
2022_03_22_04_58_20_test15_jpg.rf.b7e669fdd7d150d8376a681a41140181.jpg,2048,530,zinsser_red,1464,129,1603,312
2022_03_22_04_58_20_test15_jpg.rf.b7e669fdd7d150d8376a681a41140181.jpg,2048,530,zinsser_red,1473,305,1614,481
2022_03_22_04_58_20_test15_jpg.rf.b7e669fdd7d150d8376a681a41140181.jpg,2048,530,kilz_spray,1612,177,1720,429
2022_03_22_04_58_20_test15_jpg.rf.b7e669fdd7d150d8376a681a41140181.jpg,2048,530,kilz_spray,1714,176,1801,412
2022_03_22_04_58_20_test15_jpg.rf.b7e669fdd7d150d8376a681a41140181.jpg,2048,530,kilz_spray,1798,183,1889,412
2022_03_22_04_58_20_test15_jpg.rf.b7e669fdd7d150d8376a681a41140181.jpg,2048,530,kilz_spray,1876,181,1966,407
test_JPG.rf.d9ba464d0f2fdba720c544b9db528acc.jpg,2048,1536,clorox_blue,732,229,854,482
test_JPG.rf.d9ba464d0f2fdba720c544b9db528acc.jpg,2048,1536,clorox_blue,853,224,966,478
test_JPG.rf.d9ba464d0f2fdba720c544b9db528acc.jpg,2048,1536,clorox_purple,968,230,1073,481
test_JPG.rf.d9ba464d0f2fdba720c544b9db528acc.jpg,2048,1536,clorox_purple,1068,239,1155,472
test_JPG.rf.d9ba464d0f2fdba720c544b9db528acc.jpg,2048,1536,clorox_purple,1145,240,1240,460
test_JPG.rf.d9ba464d0f2fdba720c544b9db528acc.jpg,2048,1536,clorox_red,1246,231,1389,469
test_JPG.rf.d9ba464d0f2fdba720c544b9db528acc.jpg,2048,1536,clorox_dblue,1462,863,1536,1046
test_JPG.rf.d9ba464d0f2fdba720c544b9db528acc.jpg,2048,1536,clorox_dblue,1536,862,1607,1025
test_JPG.rf.d9ba464d0f2fdba720c544b9db528acc.jpg,2048,1536,clr,834,960,927,1195
test_JPG.rf.d9ba464d0f2fdba720c544b9db528acc.jpg,2048,1536,clr,739,981,831,1216
test_JPG.rf.d9ba464d0f2fdba720c544b9db528acc.jpg,2048,1536,clr_white,637,999,756,1259
test_JPG.rf.d9ba464d0f2fdba720c544b9db528acc.jpg,2048,1536,clr_white,531,1025,650,1270
test_JPG.rf.d9ba464d0f2fdba720c544b9db528acc.jpg,2048,1536,kaboom_heavy,1204,582,1285,807
test_JPG.rf.d9ba464d0f2fdba720c544b9db528acc.jpg,2048,1536,kaboom_heavy,1288,573,1378,799
test_JPG.rf.d9ba464d0f2fdba720c544b9db528acc.jpg,2048,1536,kaboom_heavy,1371,562,1445,782
test_JPG.rf.d9ba464d0f2fdba720c544b9db528acc.jpg,2048,1536,kaboom_heavy,1455,553,1522,772
test_JPG.rf.d9ba464d0f2fdba720c544b9db528acc.jpg,2048,1536,kaboom_nodrip,944,609,1040,854
test_JPG.rf.d9ba464d0f2fdba720c544b9db528acc.jpg,2048,1536,kaboom_nodrip,852,613,943,870
test_JPG.rf.d9ba464d0f2fdba720c544b9db528acc.jpg,2048,1536,magic,1199,899,1296,1120
test_JPG.rf.d9ba464d0f2fdba720c544b9db528acc.jpg,2048,1536,magic,1278,885,1344,1094
test_JPG.rf.d9ba464d0f2fdba720c544b9db528acc.jpg,2048,1536,magic,1341,873,1428,1076
test_JPG.rf.d9ba464d0f2fdba720c544b9db528acc.jpg,2048,1536,magic,1412,858,1479,1062
test_JPG.rf.d9ba464d0f2fdba720c544b9db528acc.jpg,2048,1536,lysol,1729,831,1789,992
test_JPG.rf.d9ba464d0f2fdba720c544b9db528acc.jpg,2048,1536,lysol,1778,818,1847,971
test_JPG.rf.d9ba464d0f2fdba720c544b9db528acc.jpg,2048,1536,zep_quickclean,1601,822,1665,1019
test_JPG.rf.d9ba464d0f2fdba720c544b9db528acc.jpg,2048,1536,zep_quickclean,1669,818,1741,1013
test_JPG.rf.d9ba464d0f2fdba720c544b9db528acc.jpg,2048,1536,zep,1041,585,1126,834
test_JPG.rf.d9ba464d0f2fdba720c544b9db528acc.jpg,2048,1536,zep,1117,580,1198,822
test_JPG.rf.d9ba464d0f2fdba720c544b9db528acc.jpg,2048,1536,works,1517,560,1650,768
test_JPG.rf.d9ba464d0f2fdba720c544b9db528acc.jpg,2048,1536,scrubbing,721,614,855,883
test_JPG.rf.d9ba464d0f2fdba720c544b9db528acc.jpg,2048,1536,scrubbing,604,618,735,892
test_JPG.rf.d9ba464d0f2fdba720c544b9db528acc.jpg,2048,1536,scrubbing,392,634,554,911
test_JPG.rf.d9ba464d0f2fdba720c544b9db528acc.jpg,2048,1536,scrubbing_mega,204,690,311,957
test_JPG.rf.d9ba464d0f2fdba720c544b9db528acc.jpg,2048,1536,scrubbing_mega,284,684,395,949
test_JPG.rf.d9ba464d0f2fdba720c544b9db528acc.jpg,2048,1536,wetforget,1016,931,1186,1172
test_JPG.rf.d9ba464d0f2fdba720c544b9db528acc.jpg,2048,1536,zep10minbig,1459,1144,1538,1324
test_JPG.rf.d9ba464d0f2fdba720c544b9db528acc.jpg,2048,1536,zep10minbig,1541,1132,1624,1283
test_JPG.rf.d9ba464d0f2fdba720c544b9db528acc.jpg,2048,1536,zep10minblack,1319,1193,1391,1368
test_JPG.rf.d9ba464d0f2fdba720c544b9db528acc.jpg,2048,1536,zep10minblack,1266,1199,1321,1385
test_JPG.rf.d9ba464d0f2fdba720c544b9db528acc.jpg,2048,1536,zep10min,1132,1242,1212,1425
test_JPG.rf.d9ba464d0f2fdba720c544b9db528acc.jpg,2048,1536,zep10min,1210,1221,1273,1391
test_JPG.rf.d9ba464d0f2fdba720c544b9db528acc.jpg,2048,1536,zep_green,306,1049,423,1356
test_JPG.rf.d9ba464d0f2fdba720c544b9db528acc.jpg,2048,1536,zep_green,423,1021,529,1321
2022_03_22_04_58_20_test8_JPG.rf.90106be0e5262b576c191ff9e5b2361a.jpg,2048,1536,clorox_big,127,550,303,833
2022_03_22_04_58_20_test8_JPG.rf.90106be0e5262b576c191ff9e5b2361a.jpg,2048,1536,clorox_big,1,551,138,835
2022_03_22_04_58_20_test8_JPG.rf.90106be0e5262b576c191ff9e5b2361a.jpg,2048,1536,409,307,551,478,825
2022_03_22_04_58_20_test8_JPG.rf.90106be0e5262b576c191ff9e5b2361a.jpg,2048,1536,409,470,551,645,822
2022_03_22_04_58_20_test8_JPG.rf.90106be0e5262b576c191ff9e5b2361a.jpg,2048,1536,zep_quickclean,657,551,764,818
2022_03_22_04_58_20_test8_JPG.rf.90106be0e5262b576c191ff9e5b2361a.jpg,2048,1536,zep_quickclean,771,551,871,815
2022_03_22_04_58_20_test8_JPG.rf.90106be0e5262b576c191ff9e5b2361a.jpg,2048,1536,zep_wallclean,932,597,982,800
2022_03_22_04_58_20_test8_JPG.rf.90106be0e5262b576c191ff9e5b2361a.jpg,2048,1536,zep_wallclean,871,596,929,801
2022_03_22_04_58_20_test8_JPG.rf.90106be0e5262b576c191ff9e5b2361a.jpg,2048,1536,zep_wallclean,983,594,1024,792
2022_03_22_04_58_20_test8_JPG.rf.90106be0e5262b576c191ff9e5b2361a.jpg,2048,1536,krud_kutter,1180,526,1320,786
2022_03_22_04_58_20_test8_JPG.rf.90106be0e5262b576c191ff9e5b2361a.jpg,2048,1536,simplegreen_yellow,1330,556,1431,785
2022_03_22_04_58_20_test8_JPG.rf.90106be0e5262b576c191ff9e5b2361a.jpg,2048,1536,simplegreen_yellow,1430,555,1522,779
2022_03_22_04_58_20_test8_JPG.rf.90106be0e5262b576c191ff9e5b2361a.jpg,2048,1536,simplegreen_yellow_big,1521,526,1640,777
2022_03_22_04_58_20_test8_JPG.rf.90106be0e5262b576c191ff9e5b2361a.jpg,2048,1536,simplegreen_yellow_big,1637,525,1746,771
2022_03_22_04_58_20_test8_JPG.rf.90106be0e5262b576c191ff9e5b2361a.jpg,2048,1536,simplegreen_big,1745,521,1865,762
2022_03_22_04_58_20_test8_JPG.rf.90106be0e5262b576c191ff9e5b2361a.jpg,2048,1536,simplegreen_big,1866,521,1985,759
2022_03_22_04_58_20_test8_JPG.rf.90106be0e5262b576c191ff9e5b2361a.jpg,2048,1536,lysol_y,215,936,338,1181
2022_03_22_04_58_20_test8_JPG.rf.90106be0e5262b576c191ff9e5b2361a.jpg,2048,1536,lysol_y,87,949,221,1194
2022_03_22_04_58_20_test8_JPG.rf.90106be0e5262b576c191ff9e5b2361a.jpg,2048,1536,lysol_y,1,931,94,1190
2022_03_22_04_58_20_test8_JPG.rf.90106be0e5262b576c191ff9e5b2361a.jpg,2048,1536,lysol_b,335,939,453,1159
2022_03_22_04_58_20_test8_JPG.rf.90106be0e5262b576c191ff9e5b2361a.jpg,2048,1536,lysol_b,446,932,569,1160
2022_03_22_04_58_20_test8_JPG.rf.90106be0e5262b576c191ff9e5b2361a.jpg,2048,1536,lysol_g,668,1255,782,1481
2022_03_22_04_58_20_test8_JPG.rf.90106be0e5262b576c191ff9e5b2361a.jpg,2048,1536,lysol_g,777,1208,877,1413
2022_03_22_04_58_20_test8_JPG.rf.90106be0e5262b576c191ff9e5b2361a.jpg,2048,1536,lysol_g,876,1208,981,1420
2022_03_22_04_58_20_test8_JPG.rf.90106be0e5262b576c191ff9e5b2361a.jpg,2048,1536,lysol_g,975,1201,1085,1409
2022_03_22_04_58_20_test8_JPG.rf.90106be0e5262b576c191ff9e5b2361a.jpg,2048,1536,mean_green,1223,1157,1347,1377
2022_03_22_04_58_20_test8_JPG.rf.90106be0e5262b576c191ff9e5b2361a.jpg,2048,1536,mean_green,1104,1155,1224,1383
2022_03_22_04_58_20_test8_JPG.rf.90106be0e5262b576c191ff9e5b2361a.jpg,2048,1536,carwash,1205,880,1321,1094
2022_03_22_04_58_20_test8_JPG.rf.90106be0e5262b576c191ff9e5b2361a.jpg,2048,1536,carwash,1095,867,1206,1099
2022_03_22_04_58_20_test8_JPG.rf.90106be0e5262b576c191ff9e5b2361a.jpg,2048,1536,lysol_y_big,348,1225,521,1487
2022_03_22_04_58_20_test8_JPG.rf.90106be0e5262b576c191ff9e5b2361a.jpg,2048,1536,lysol_y_big,193,1231,349,1509
2022_03_22_04_58_20_test8_JPG.rf.90106be0e5262b576c191ff9e5b2361a.jpg,2048,1536,clorox_green,1,184,115,451
2022_03_22_04_58_20_test8_JPG.rf.90106be0e5262b576c191ff9e5b2361a.jpg,2048,1536,clorox_green,113,186,261,456
2022_03_22_04_58_20_test8_JPG.rf.90106be0e5262b576c191ff9e5b2361a.jpg,2048,1536,409_spray,264,188,396,452
2022_03_22_04_58_20_test8_JPG.rf.90106be0e5262b576c191ff9e5b2361a.jpg,2048,1536,409_spray,384,197,499,456
2022_03_22_04_58_20_test8_JPG.rf.90106be0e5262b576c191ff9e5b2361a.jpg,2048,1536,409_spray,497,198,617,454
2022_03_22_04_58_20_test8_JPG.rf.90106be0e5262b576c191ff9e5b2361a.jpg,2048,1536,409_spray,614,203,734,445
2022_03_22_04_58_20_test8_JPG.rf.90106be0e5262b576c191ff9e5b2361a.jpg,2048,1536,409_spray,728,205,847,443
2022_03_22_04_58_20_test8_JPG.rf.90106be0e5262b576c191ff9e5b2361a.jpg,2048,1536,zep_green,838,183,934,442
2022_03_22_04_58_20_test8_JPG.rf.90106be0e5262b576c191ff9e5b2361a.jpg,2048,1536,zep_green,940,174,1054,450
2022_03_22_04_58_20_test8_JPG.rf.90106be0e5262b576c191ff9e5b2361a.jpg,2048,1536,zep_green,1044,177,1139,447
2022_03_22_04_58_20_test8_JPG.rf.90106be0e5262b576c191ff9e5b2361a.jpg,2048,1536,krud_kutter,1350,201,1449,448
2022_03_22_04_58_20_test8_JPG.rf.90106be0e5262b576c191ff9e5b2361a.jpg,2048,1536,krud_kutter,1146,206,1248,446
2022_03_22_04_58_20_test8_JPG.rf.90106be0e5262b576c191ff9e5b2361a.jpg,2048,1536,krud_kutter,1248,205,1353,453
2022_03_22_04_58_20_test8_JPG.rf.90106be0e5262b576c191ff9e5b2361a.jpg,2048,1536,simplegreen_big,1452,203,1545,450
2022_03_22_04_58_20_test8_JPG.rf.90106be0e5262b576c191ff9e5b2361a.jpg,2048,1536,simplegreen_big,1541,202,1623,448
2022_03_22_04_58_20_test8_JPG.rf.90106be0e5262b576c191ff9e5b2361a.jpg,2048,1536,simplegreen_big,1607,210,1656,444